trial_num,train_acc,train_loss,valid_acc,valid_loss,test_acc,test_loss,data,trial
48.0,0.9855428338050842,3.2131662368774414,0.7565999627113342,4.363040924072266,0.75,4.410556793212891,Compressed,CAECompressed
20.0,0.8083142638206482,4.469395160675049,0.8048999905586243,4.526418685913086,0.8027999997138977,4.566612720489502,Separate,CAE
24.0,0.9935714602470398,0.0222942661494016,0.9434999823570251,0.1991792470216751,0.9377999901771544,0.1992142498493194,Separate,DenseNetBC
28.0,0.9974571466445924,0.017013868317008,0.9093999862670898,0.27023646235466,0.9088000059127808,0.2621424496173858,Compressed,DenseNetCompressedMax2
24.0,0.98237144947052,3.1654815673828125,0.8370999693870544,3.9254016876220703,0.8258000016212463,3.998386859893799,Compressed,VanillaCnnCompressed
3.0,0.9882285594940186,3.143607378005981,0.795199990272522,4.189291000366211,0.7917999625205994,4.2184367179870605,Separate,VanillaCnn
