trial_num,train_acc,train_loss,valid_acc,valid_loss,test_acc,test_loss,data,trial
48.0,0.9855428338050842,3.2131662368774414,0.7565999627113342,4.363040924072266,0.75,4.410556793212891,Compressed,CAECompressed
20.0,0.8083142638206482,4.469395160675049,0.8048999905586243,4.526418685913086,0.8027999997138977,4.566612720489502,Separate,CAE
24.0,0.98237144947052,3.1654815673828125,0.8370999693870544,3.9254016876220703,0.8258000016212463,3.998386859893799,Compressed,VanillaCnnCompressed
3.0,0.9882285594940186,3.143607378005981,0.795199990272522,4.189291000366211,0.7917999625205994,4.2184367179870605,Separate,VanillaCnn
